{"mean": [0.3266254961490631, 0.31535840034484863, 0.3073311746120453], "std": [0.3285883069038391, 0.3178264796733856, 0.32183340191841125]}