{"mean": [0.32252687215805054, 0.3114449679851532, 0.30346089601516724], "std": [0.3281652331352234, 0.3179214894771576, 0.32146158814430237]}